{"cameraMode":{"drawMode":0,"name":"Shaded","section":"Shading Mode"},"sceneLighting":true,"audioPlay":false,"sceneViewState":{"m_AlwaysRefresh":false,"showFog":true,"showSkybox":true,"showFlares":true,"showImageEffects":true,"showParticleSystems":true,"showVisualEffectGraphs":true,"m_FxEnabled":true},"in2DMode":false,"pivot":{"x":-1.2383849620819092,"y":-0.07158038020133972,"z":-0.23834693431854249},"rotation":{"x":-0.039244480431079867,"y":0.947684645652771,"z":-0.2895846664905548,"w":-0.12842996418476106},"size":28.242233276367189,"orthographic":false}